HTTP Error 503: Service Temporarily Unavailable, Retrying in 3 seconds...
HTTP Error 503: Service Temporarily Unavailable, Retrying in 6 seconds...
HTTP Error 503: Service Temporarily Unavailable, Retrying in 3 seconds...
HTTP Error 503: Service Temporarily Unavailable, Retrying in 3 seconds...
HTTP Error 503: Service Temporarily Unavailable, Retrying in 3 seconds...
3A6K5njbcfdKLSHah8K2bPYyRSpmQjxS5u,https://bitcointalk.org/index.php?action=profile;u=764813
HTTP Error 503: Service Temporarily Unavailable, Retrying in 3 seconds...
HTTP Error 503: Service Temporarily Unavailable, Retrying in 3 seconds...
12pYuVUQCSdKfWUstsPJcpFRw8hooXMxsz,https://bitcointalk.org/index.php?action=profile;u=764808
HTTP Error 503: Service Temporarily Unavailable, Retrying in 3 seconds...
HTTP Error 503: Service Temporarily Unavailable, Retrying in 3 seconds...
HTTP Error 503: Service Temporarily Unavailable, Retrying in 3 seconds...
1DfWr9J7cdT7a8Ua6i9qew4yFU5eLgjTdm,https://bitcointalk.org/index.php?action=profile;u=764796
HTTP Error 503: Service Temporarily Unavailable, Retrying in 3 seconds...
HTTP Error 503: Service Temporarily Unavailable, Retrying in 3 seconds...
HTTP Error 503: Service Temporarily Unavailable, Retrying in 3 seconds...
HTTP Error 503: Service Temporarily Unavailable, Retrying in 3 seconds...
HTTP Error 503: Service Temporarily Unavailable, Retrying in 3 seconds...
HTTP Error 503: Service Temporarily Unavailable, Retrying in 3 seconds...
HTTP Error 503: Service Temporarily Unavailable, Retrying in 3 seconds...
HTTP Error 503: Service Temporarily Unavailable, Retrying in 3 seconds...
HTTP Error 503: Service Temporarily Unavailable, Retrying in 3 seconds...
HTTP Error 503: Service Temporarily Unavailable, Retrying in 3 seconds...
HTTP Error 503: Service Temporarily Unavailable, Retrying in 3 seconds...
HTTP Error 503: Service Temporarily Unavailable, Retrying in 3 seconds...
HTTP Error 503: Service Temporarily Unavailable, Retrying in 3 seconds...
HTTP Error 503: Service Temporarily Unavailable, Retrying in 3 seconds...
HTTP Error 503: Service Temporarily Unavailable, Retrying in 3 seconds...
HTTP Error 503: Service Temporarily Unavailable, Retrying in 6 seconds...
HTTP Error 503: Service Temporarily Unavailable, Retrying in 3 seconds...
HTTP Error 503: Service Temporarily Unavailable, Retrying in 3 seconds...
1MynZsyX5kvjJ1D1QgvqV9zmb65ZYhBmN5,https://bitcointalk.org/index.php?action=profile;u=764760
HTTP Error 503: Service Temporarily Unavailable, Retrying in 3 seconds...
HTTP Error 503: Service Temporarily Unavailable, Retrying in 3 seconds...
HTTP Error 503: Service Temporarily Unavailable, Retrying in 3 seconds...
HTTP Error 503: Service Temporarily Unavailable, Retrying in 3 seconds...
HTTP Error 503: Service Temporarily Unavailable, Retrying in 3 seconds...
HTTP Error 503: Service Temporarily Unavailable, Retrying in 3 seconds...
1Cvyq35q4HcisBNpfoWcsVnKdbQhEKD,https://bitcointalk.org/index.php?action=profile;u=764746
HTTP Error 503: Service Temporarily Unavailable, Retrying in 3 seconds...
HTTP Error 503: Service Temporarily Unavailable, Retrying in 3 seconds...
HTTP Error 503: Service Temporarily Unavailable, Retrying in 3 seconds...
HTTP Error 503: Service Temporarily Unavailable, Retrying in 3 seconds...
1HkCYdB2izwP1GPdKiNwZBpVsf3iN4gfYw,https://bitcointalk.org/index.php?action=profile;u=764738
HTTP Error 503: Service Temporarily Unavailable, Retrying in 3 seconds...
HTTP Error 503: Service Temporarily Unavailable, Retrying in 3 seconds...
1EJGNwDsVqg35RTYig7qsn7wdVXN5L382b,https://bitcointalk.org/index.php?action=profile;u=764735
HTTP Error 503: Service Temporarily Unavailable, Retrying in 3 seconds...
HTTP Error 503: Service Temporarily Unavailable, Retrying in 3 seconds...
1CHTFAzQow6yFgw5iXiZjRQxtnGKPanEES,https://bitcointalk.org/index.php?action=profile;u=764730
HTTP Error 503: Service Temporarily Unavailable, Retrying in 3 seconds...
1DN9KL6MZhcqHzjAsoMM8fa1hHzRhJeJZc,https://bitcointalk.org/index.php?action=profile;u=764727
HTTP Error 503: Service Temporarily Unavailable, Retrying in 3 seconds...
HTTP Error 503: Service Temporarily Unavailable, Retrying in 3 seconds...
1EYuXwm4DeQe25nyrRzXJu9Jq4xM56tpAJ,https://bitcointalk.org/index.php?action=profile;u=764723
HTTP Error 503: Service Temporarily Unavailable, Retrying in 3 seconds...
16WG72PZCz1uXw3xoxissfXZgSSnLo,https://bitcointalk.org/index.php?action=profile;u=764718
18KLzHdE9nUY9HFjdSkJMoghLBbE6YA5pa,https://bitcointalk.org/index.php?action=profile;u=764717
HTTP Error 503: Service Temporarily Unavailable, Retrying in 3 seconds...
1C7UrpbiE3FJn2T6jjzPnLsYHzjHsec9GG,https://bitcointalk.org/index.php?action=profile;u=764716
HTTP Error 503: Service Temporarily Unavailable, Retrying in 3 seconds...
HTTP Error 503: Service Temporarily Unavailable, Retrying in 3 seconds...
1F7hdNbTx4ChMyR9ziEnoRddeod9sexcnh,https://bitcointalk.org/index.php?action=profile;u=764711
HTTP Error 503: Service Temporarily Unavailable, Retrying in 3 seconds...
HTTP Error 503: Service Temporarily Unavailable, Retrying in 3 seconds...
HTTP Error 503: Service Temporarily Unavailable, Retrying in 3 seconds...
HTTP Error 503: Service Temporarily Unavailable, Retrying in 3 seconds...
1F31BMs1Swue5v5XvGskM6ZZQqpwXvW425,https://bitcointalk.org/index.php?action=profile;u=764698
1FBcynqQTxfXnryciX9bq8SxtHBxnXsYWU,https://bitcointalk.org/index.php?action=profile;u=764697
HTTP Error 503: Service Temporarily Unavailable, Retrying in 3 seconds...
HTTP Error 503: Service Temporarily Unavailable, Retrying in 3 seconds...
33LaoKzNhqaXbfxffrK7fMMv54Vc2q9pRE,https://bitcointalk.org/index.php?action=profile;u=764687
HTTP Error 503: Service Temporarily Unavailable, Retrying in 3 seconds...
3Ps9FKFoeRPxFMTug737WuYhuxq3UwEoPd,https://bitcointalk.org/index.php?action=profile;u=764685
HTTP Error 503: Service Temporarily Unavailable, Retrying in 3 seconds...
HTTP Error 503: Service Temporarily Unavailable, Retrying in 3 seconds...
HTTP Error 503: Service Temporarily Unavailable, Retrying in 3 seconds...
3MaGs9czQsP12HQ9GoA7tSzMaDfirRXxck,https://bitcointalk.org/index.php?action=profile;u=764678
15T2dyB3B8Kn4UhDLU3R1Nito94mbFdvpe,https://bitcointalk.org/index.php?action=profile;u=764674
HTTP Error 503: Service Temporarily Unavailable, Retrying in 3 seconds...
HTTP Error 503: Service Temporarily Unavailable, Retrying in 3 seconds...
HTTP Error 503: Service Temporarily Unavailable, Retrying in 3 seconds...
1JR9LAwysAs2S6yf2pat5DXnoyWbF8zGoe,https://bitcointalk.org/index.php?action=profile;u=764669
HTTP Error 503: Service Temporarily Unavailable, Retrying in 3 seconds...
HTTP Error 503: Service Temporarily Unavailable, Retrying in 3 seconds...
HTTP Error 503: Service Temporarily Unavailable, Retrying in 3 seconds...
3AJWFHqzgVjBxQ4DnBU1VdPgTytKKmEdCe,https://bitcointalk.org/index.php?action=profile;u=764666
HTTP Error 503: Service Temporarily Unavailable, Retrying in 3 seconds...
HTTP Error 503: Service Temporarily Unavailable, Retrying in 3 seconds...
HTTP Error 503: Service Temporarily Unavailable, Retrying in 3 seconds...
HTTP Error 503: Service Temporarily Unavailable, Retrying in 3 seconds...
183f5YU3AsRHKMA8jyax7YEjpoY9aqkiXM,https://bitcointalk.org/index.php?action=profile;u=764658
HTTP Error 503: Service Temporarily Unavailable, Retrying in 3 seconds...
1NMxf1XXE5sp99hUjgkyYKBFHCjfXwdYMr,https://bitcointalk.org/index.php?action=profile;u=764655
HTTP Error 503: Service Temporarily Unavailable, Retrying in 3 seconds...
ERROR
HTTP Error 503: Service Temporarily Unavailable, Retrying in 3 seconds...
HTTP Error 503: Service Temporarily Unavailable, Retrying in 3 seconds...
3GM31WDw4mjeLo7QCB8GMixkRWG1uLRtG2,https://bitcointalk.org/index.php?action=profile;u=764648
HTTP Error 503: Service Temporarily Unavailable, Retrying in 3 seconds...
HTTP Error 503: Service Temporarily Unavailable, Retrying in 3 seconds...
HTTP Error 503: Service Temporarily Unavailable, Retrying in 3 seconds...
1HymJYbJu2guDGf2o39J3kKh8TW361CKD7,https://bitcointalk.org/index.php?action=profile;u=764643
HTTP Error 503: Service Temporarily Unavailable, Retrying in 3 seconds...
3BRyKb9WStTZjdvAhPW9NpUcZaU5g3NJyV,https://bitcointalk.org/index.php?action=profile;u=764642
HTTP Error 503: Service Temporarily Unavailable, Retrying in 3 seconds...
18bK8jPY8Q897mQsZDE1MjQwRgPHfE1fUM,https://bitcointalk.org/index.php?action=profile;u=764638
HTTP Error 503: Service Temporarily Unavailable, Retrying in 3 seconds...
13uFUuxT279YcVK3Cm2i2TNmDJABw5Nte4,https://bitcointalk.org/index.php?action=profile;u=764637
HTTP Error 503: Service Temporarily Unavailable, Retrying in 3 seconds...
HTTP Error 503: Service Temporarily Unavailable, Retrying in 3 seconds...
HTTP Error 503: Service Temporarily Unavailable, Retrying in 3 seconds...
HTTP Error 503: Service Temporarily Unavailable, Retrying in 3 seconds...
HTTP Error 503: Service Temporarily Unavailable, Retrying in 3 seconds...
HTTP Error 503: Service Temporarily Unavailable, Retrying in 3 seconds...
3FNgutqHkTLgQSLFnhfnmS6pghxyNBtuBD,https://bitcointalk.org/index.php?action=profile;u=764625
HTTP Error 503: Service Temporarily Unavailable, Retrying in 3 seconds...
HTTP Error 503: Service Temporarily Unavailable, Retrying in 3 seconds...
1K2TwM5RNZ9npfDYFkcGePS5wWhStyjNWJ,https://bitcointalk.org/index.php?action=profile;u=764621
HTTP Error 503: Service Temporarily Unavailable, Retrying in 3 seconds...
HTTP Error 503: Service Temporarily Unavailable, Retrying in 3 seconds...
HTTP Error 503: Service Temporarily Unavailable, Retrying in 3 seconds...
1DxSsgZdimFszL29do3s7XPMF2s1cDvtBM,https://bitcointalk.org/index.php?action=profile;u=764615
HTTP Error 503: Service Temporarily Unavailable, Retrying in 3 seconds...
1MvuCDjDaNtzwFAN6YS94C4rv2Ga9GPzTj,https://bitcointalk.org/index.php?action=profile;u=764611
HTTP Error 503: Service Temporarily Unavailable, Retrying in 3 seconds...
HTTP Error 503: Service Temporarily Unavailable, Retrying in 6 seconds...
HTTP Error 503: Service Temporarily Unavailable, Retrying in 3 seconds...
HTTP Error 503: Service Temporarily Unavailable, Retrying in 6 seconds...
37aZ9t7ecuzKmCdn1aMTNbBnER6mnShLnB,https://bitcointalk.org/index.php?action=profile;u=764608
HTTP Error 503: Service Temporarily Unavailable, Retrying in 3 seconds...
ERROR
HTTP Error 503: Service Temporarily Unavailable, Retrying in 3 seconds...
HTTP Error 503: Service Temporarily Unavailable, Retrying in 3 seconds...
HTTP Error 503: Service Temporarily Unavailable, Retrying in 3 seconds...
16egRbwsmG7cLXcK5Wc6rMSVFLGwvmzMx8,https://bitcointalk.org/index.php?action=profile;u=764601
HTTP Error 503: Service Temporarily Unavailable, Retrying in 3 seconds...
38VXekPKV5F2BwYkr86gSSVw6apSqjYg6d,https://bitcointalk.org/index.php?action=profile;u=764598
HTTP Error 503: Service Temporarily Unavailable, Retrying in 3 seconds...
1PKuZEakmNbDfc1Cg56EFobUMP5gNq6USy,https://bitcointalk.org/index.php?action=profile;u=764596
HTTP Error 503: Service Temporarily Unavailable, Retrying in 3 seconds...
HTTP Error 503: Service Temporarily Unavailable, Retrying in 3 seconds...
HTTP Error 503: Service Temporarily Unavailable, Retrying in 3 seconds...
HTTP Error 503: Service Temporarily Unavailable, Retrying in 3 seconds...
1J2XHvep4uZZNSWuA711WZZYjKvoJLFcS,https://bitcointalk.org/index.php?action=profile;u=764589
HTTP Error 503: Service Temporarily Unavailable, Retrying in 3 seconds...
HTTP Error 503: Service Temporarily Unavailable, Retrying in 3 seconds...
HTTP Error 503: Service Temporarily Unavailable, Retrying in 6 seconds...
13cvYzRZWaTKM5VXh4o2TZfyucNrmd3Yf2,https://bitcointalk.org/index.php?action=profile;u=764586
HTTP Error 503: Service Temporarily Unavailable, Retrying in 3 seconds...
HTTP Error 503: Service Temporarily Unavailable, Retrying in 3 seconds...
HTTP Error 503: Service Temporarily Unavailable, Retrying in 3 seconds...
HTTP Error 503: Service Temporarily Unavailable, Retrying in 6 seconds...
HTTP Error 503: Service Temporarily Unavailable, Retrying in 3 seconds...
HTTP Error 503: Service Temporarily Unavailable, Retrying in 6 seconds...
HTTP Error 503: Service Temporarily Unavailable, Retrying in 12 seconds...
HTTP Error 503: Service Temporarily Unavailable, Retrying in 3 seconds...
1wC5cJjfKV65vig78TP6yAhf1dSK5Tika,https://bitcointalk.org/index.php?action=profile;u=764579
HTTP Error 503: Service Temporarily Unavailable, Retrying in 3 seconds...
1Pc27V7bWet4UWL7V6SpAT5Ne4UYrEoCTi,https://bitcointalk.org/index.php?action=profile;u=764577
HTTP Error 503: Service Temporarily Unavailable, Retrying in 3 seconds...
14gdhsjagshejejfbdbenskMAJ,https://bitcointalk.org/index.php?action=profile;u=764574
HTTP Error 503: Service Temporarily Unavailable, Retrying in 3 seconds...
HTTP Error 503: Service Temporarily Unavailable, Retrying in 3 seconds...
HTTP Error 503: Service Temporarily Unavailable, Retrying in 3 seconds...
HTTP Error 503: Service Temporarily Unavailable, Retrying in 3 seconds...
HTTP Error 503: Service Temporarily Unavailable, Retrying in 3 seconds...
1BEHon1HSMosQaohdcqdC5DX2jojALZ3n8,https://bitcointalk.org/index.php?action=profile;u=764561
HTTP Error 503: Service Temporarily Unavailable, Retrying in 3 seconds...
HTTP Error 503: Service Temporarily Unavailable, Retrying in 3 seconds...
HTTP Error 503: Service Temporarily Unavailable, Retrying in 3 seconds...
12L9kgr4Wzjjp5nuEav4b3aopj2GqKYKnZ,https://bitcointalk.org/index.php?action=profile;u=764554
HTTP Error 503: Service Temporarily Unavailable, Retrying in 3 seconds...
1Hz5eXpTdB8jvQctDKMQAq2J9AN4pEJXWk,https://bitcointalk.org/index.php?action=profile;u=764552
HTTP Error 503: Service Temporarily Unavailable, Retrying in 3 seconds...
19ZmK7AcJPvJ7bNhaJ7H4z6S8eEeWzMbNH,https://bitcointalk.org/index.php?action=profile;u=764551
34LFL2PA9C4f7xVfdVjWBZG5wxv6uhc2XR,https://bitcointalk.org/index.php?action=profile;u=764550
HTTP Error 503: Service Temporarily Unavailable, Retrying in 3 seconds...
HTTP Error 503: Service Temporarily Unavailable, Retrying in 3 seconds...
1HhMra9KEcHpPt9QUU9uv95NRbBEdrui3J,https://bitcointalk.org/index.php?action=profile;u=764547
19cWssPbY7NtmaLHzn5moAqUbkGSttghKw,https://bitcointalk.org/index.php?action=profile;u=764546
HTTP Error 503: Service Temporarily Unavailable, Retrying in 3 seconds...
HTTP Error 503: Service Temporarily Unavailable, Retrying in 3 seconds...
HTTP Error 503: Service Temporarily Unavailable, Retrying in 3 seconds...
HTTP Error 503: Service Temporarily Unavailable, Retrying in 3 seconds...
14TYTWffaJinhetLZJZCbAFFq9TMakRADL,https://bitcointalk.org/index.php?action=profile;u=764539
HTTP Error 503: Service Temporarily Unavailable, Retrying in 3 seconds...
HTTP Error 503: Service Temporarily Unavailable, Retrying in 3 seconds...
HTTP Error 503: Service Temporarily Unavailable, Retrying in 3 seconds...
HTTP Error 503: Service Temporarily Unavailable, Retrying in 3 seconds...
17BncczJ9VWzxoiKhZ4bWkqFPwKhsK56Bu,https://bitcointalk.org/index.php?action=profile;u=764528
HTTP Error 503: Service Temporarily Unavailable, Retrying in 3 seconds...
HTTP Error 503: Service Temporarily Unavailable, Retrying in 6 seconds...
HTTP Error 503: Service Temporarily Unavailable, Retrying in 3 seconds...
HTTP Error 503: Service Temporarily Unavailable, Retrying in 3 seconds...
12J74HiSR12y5FxApqmS6TLnTozofSqrrx,https://bitcointalk.org/index.php?action=profile;u=764522
HTTP Error 503: Service Temporarily Unavailable, Retrying in 3 seconds...
1Hxg5LigjGoJ73qGQPw8m6k6Hr3gJ2pcsw,https://bitcointalk.org/index.php?action=profile;u=764517
HTTP Error 503: Service Temporarily Unavailable, Retrying in 3 seconds...
HTTP Error 503: Service Temporarily Unavailable, Retrying in 3 seconds...
15ahLLA8vD2YmPg1ZdbPgLoF9XD1wNbS5H,https://bitcointalk.org/index.php?action=profile;u=764510
14QCZYma7DwJbR64Qw5bNWtXy6Fz9sfYvZ,https://bitcointalk.org/index.php?action=profile;u=764508
HTTP Error 503: Service Temporarily Unavailable, Retrying in 3 seconds...
1KmG1ZjB57ZGTBAXsdsEMWjRVj1EBDTDkw,https://bitcointalk.org/index.php?action=profile;u=764505
HTTP Error 503: Service Temporarily Unavailable, Retrying in 3 seconds...
HTTP Error 503: Service Temporarily Unavailable, Retrying in 3 seconds...
19qmzQBrSD8ZGsvYJ2PNEjfjdszQLnALT9,https://bitcointalk.org/index.php?action=profile;u=764501
3B8KyjvtK6pRE9tZYqAnSJXGurwjJtarNR,https://bitcointalk.org/index.php?action=profile;u=764500
HTTP Error 503: Service Temporarily Unavailable, Retrying in 3 seconds...
1DQdA6BdkJL7LDMeopXqmk13AQyswdoKfG,https://bitcointalk.org/index.php?action=profile;u=764496
HTTP Error 503: Service Temporarily Unavailable, Retrying in 3 seconds...
1GoUEiXeYBDsH1AuPkUZrKnzy6LZQqB5Hu,https://bitcointalk.org/index.php?action=profile;u=764494
HTTP Error 503: Service Temporarily Unavailable, Retrying in 3 seconds...
HTTP Error 503: Service Temporarily Unavailable, Retrying in 3 seconds...
1CrfwRiGx8xPh4fVodANfU8DNMXEc1zSY5,https://bitcointalk.org/index.php?action=profile;u=764483
HTTP Error 503: Service Temporarily Unavailable, Retrying in 3 seconds...
HTTP Error 503: Service Temporarily Unavailable, Retrying in 6 seconds...
HTTP Error 503: Service Temporarily Unavailable, Retrying in 3 seconds...
HTTP Error 503: Service Temporarily Unavailable, Retrying in 3 seconds...
1Dq4WBWcwx56vYNrNFgaV2mnC5CvA1qLD5,https://bitcointalk.org/index.php?action=profile;u=764476
HTTP Error 503: Service Temporarily Unavailable, Retrying in 3 seconds...
HTTP Error 503: Service Temporarily Unavailable, Retrying in 3 seconds...
HTTP Error 503: Service Temporarily Unavailable, Retrying in 3 seconds...
HTTP Error 503: Service Temporarily Unavailable, Retrying in 3 seconds...
1CnEsXBibM11ePFJ5gtJsaWefjaBVs24ra,https://bitcointalk.org/index.php?action=profile;u=764468
HTTP Error 503: Service Temporarily Unavailable, Retrying in 3 seconds...
HTTP Error 503: Service Temporarily Unavailable, Retrying in 3 seconds...
HTTP Error 503: Service Temporarily Unavailable, Retrying in 3 seconds...
1ppiehowXCUSLJiudD4ytkx2PWjL5b2JC,https://bitcointalk.org/index.php?action=profile;u=764463
HTTP Error 503: Service Temporarily Unavailable, Retrying in 3 seconds...
1CymRtibMnqBNaD3eFLS2Jny2EhKRaHxTA,https://bitcointalk.org/index.php?action=profile;u=764461
HTTP Error 503: Service Temporarily Unavailable, Retrying in 3 seconds...
19mbCgYmsU9Rh42tBrbD3jw6rPVrDZJbVt,https://bitcointalk.org/index.php?action=profile;u=764458
HTTP Error 503: Service Temporarily Unavailable, Retrying in 3 seconds...
HTTP Error 503: Service Temporarily Unavailable, Retrying in 3 seconds...
HTTP Error 503: Service Temporarily Unavailable, Retrying in 3 seconds...
HTTP Error 503: Service Temporarily Unavailable, Retrying in 3 seconds...
HTTP Error 503: Service Temporarily Unavailable, Retrying in 3 seconds...
HTTP Error 503: Service Temporarily Unavailable, Retrying in 3 seconds...
ERROR
HTTP Error 503: Service Temporarily Unavailable, Retrying in 3 seconds...
HTTP Error 503: Service Temporarily Unavailable, Retrying in 3 seconds...
HTTP Error 503: Service Temporarily Unavailable, Retrying in 3 seconds...
HTTP Error 503: Service Temporarily Unavailable, Retrying in 3 seconds...
HTTP Error 503: Service Temporarily Unavailable, Retrying in 3 seconds...
HTTP Error 503: Service Temporarily Unavailable, Retrying in 3 seconds...
ERROR
HTTP Error 503: Service Temporarily Unavailable, Retrying in 3 seconds...
HTTP Error 503: Service Temporarily Unavailable, Retrying in 3 seconds...
HTTP Error 503: Service Temporarily Unavailable, Retrying in 3 seconds...
HTTP Error 503: Service Temporarily Unavailable, Retrying in 3 seconds...
ERROR
159aZyKXGCswKdxQ1L7UfLrHLNAZWNfuSM,https://bitcointalk.org/index.php?action=profile;u=764425
HTTP Error 503: Service Temporarily Unavailable, Retrying in 3 seconds...
HTTP Error 503: Service Temporarily Unavailable, Retrying in 3 seconds...
HTTP Error 503: Service Temporarily Unavailable, Retrying in 3 seconds...
HTTP Error 503: Service Temporarily Unavailable, Retrying in 3 seconds...
18jmYaHPo8PQEbzDPG5sih4v6rTXnjHc9P,https://bitcointalk.org/index.php?action=profile;u=764415
HTTP Error 503: Service Temporarily Unavailable, Retrying in 3 seconds...
ERROR
3DgA2vohBhYGJp1S1zXdLwndT8r9iymWWc,https://bitcointalk.org/index.php?action=profile;u=764410
HTTP Error 503: Service Temporarily Unavailable, Retrying in 3 seconds...
13vVhwx5q3NzujQXg5q6mAU2tioRRkfv1u,https://bitcointalk.org/index.php?action=profile;u=764408
15JQWjKuUhzjatH6dgb9rhY8KucgWKk5AP,https://bitcointalk.org/index.php?action=profile;u=764407
16cWRrXok7cSWCmnaEGvV6cPwVESruHtZL,https://bitcointalk.org/index.php?action=profile;u=764404
HTTP Error 503: Service Temporarily Unavailable, Retrying in 3 seconds...
1Mu1eMHjNp76GpqWtpSQyB8Xx9T4ErbkeN,https://bitcointalk.org/index.php?action=profile;u=764402
1CYk4tMXCC9HP7AVuCy9bVBu4AX1QnHkWV,https://bitcointalk.org/index.php?action=profile;u=764401
HTTP Error 503: Service Temporarily Unavailable, Retrying in 3 seconds...
1BhDxp8ue5BrkUfM8ZPQnRW9LaUxzDoPwo,https://bitcointalk.org/index.php?action=profile;u=764396
1GL9mnuYzmska1ZrdrjQh3y5MvLS7fpQxF,https://bitcointalk.org/index.php?action=profile;u=764394
HTTP Error 503: Service Temporarily Unavailable, Retrying in 3 seconds...
HTTP Error 503: Service Temporarily Unavailable, Retrying in 3 seconds...
HTTP Error 503: Service Temporarily Unavailable, Retrying in 3 seconds...
HTTP Error 503: Service Temporarily Unavailable, Retrying in 3 seconds...
HTTP Error 503: Service Temporarily Unavailable, Retrying in 3 seconds...
HTTP Error 503: Service Temporarily Unavailable, Retrying in 3 seconds...
HTTP Error 503: Service Temporarily Unavailable, Retrying in 3 seconds...
HTTP Error 503: Service Temporarily Unavailable, Retrying in 3 seconds...
HTTP Error 503: Service Temporarily Unavailable, Retrying in 3 seconds...
HTTP Error 503: Service Temporarily Unavailable, Retrying in 3 seconds...
HTTP Error 503: Service Temporarily Unavailable, Retrying in 3 seconds...
HTTP Error 503: Service Temporarily Unavailable, Retrying in 3 seconds...
HTTP Error 503: Service Temporarily Unavailable, Retrying in 3 seconds...
HTTP Error 503: Service Temporarily Unavailable, Retrying in 3 seconds...
1Q5qS1f6EPH7hUvF6BrHehHqw27AkHxtTB,https://bitcointalk.org/index.php?action=profile;u=764366
HTTP Error 503: Service Temporarily Unavailable, Retrying in 3 seconds...
1BuXVD71QsEZnh3g9avKHUHVbzvsoWCndu,https://bitcointalk.org/index.php?action=profile;u=764364
HTTP Error 503: Service Temporarily Unavailable, Retrying in 3 seconds...
HTTP Error 503: Service Temporarily Unavailable, Retrying in 3 seconds...
HTTP Error 503: Service Temporarily Unavailable, Retrying in 3 seconds...
1DPD7PADf3Rse1xpFcRYorLvhbzaH3Zh3G,https://bitcointalk.org/index.php?action=profile;u=764357
HTTP Error 503: Service Temporarily Unavailable, Retrying in 3 seconds...
HTTP Error 503: Service Temporarily Unavailable, Retrying in 6 seconds...
1Ft5yeFJAy6sYxcV3QKBy3AavTSDwjydUk,https://bitcointalk.org/index.php?action=profile;u=764354
HTTP Error 503: Service Temporarily Unavailable, Retrying in 3 seconds...
HTTP Error 503: Service Temporarily Unavailable, Retrying in 3 seconds...
HTTP Error 503: Service Temporarily Unavailable, Retrying in 3 seconds...
HTTP Error 503: Service Temporarily Unavailable, Retrying in 3 seconds...
HTTP Error 503: Service Temporarily Unavailable, Retrying in 3 seconds...
HTTP Error 503: Service Temporarily Unavailable, Retrying in 3 seconds...
HTTP Error 503: Service Temporarily Unavailable, Retrying in 3 seconds...
37xvCnfM77y8jkATvsG1JJDtByThRatDkY,https://bitcointalk.org/index.php?action=profile;u=764333
HTTP Error 503: Service Temporarily Unavailable, Retrying in 3 seconds...
1NFB8zeq4yLiLaE17WQjW7CfHHGcrFFhko,https://bitcointalk.org/index.php?action=profile;u=764330
12u7FL95hQF7ZfQ5aXrdAdFJ41kTpHq5Us,https://bitcointalk.org/index.php?action=profile;u=764329
1YcY1E8GiHyZu3Y7ix9d1VxtLb4gFjLaJ,https://bitcointalk.org/index.php?action=profile;u=764328
HTTP Error 503: Service Temporarily Unavailable, Retrying in 3 seconds...
HTTP Error 503: Service Temporarily Unavailable, Retrying in 3 seconds...
HTTP Error 503: Service Temporarily Unavailable, Retrying in 3 seconds...
13jAXcQcWAeJ87P1XWjHAdURxWuyjdJuEz,https://bitcointalk.org/index.php?action=profile;u=764319
HTTP Error 503: Service Temporarily Unavailable, Retrying in 3 seconds...
ERROR
HTTP Error 503: Service Temporarily Unavailable, Retrying in 3 seconds...
1L5v8rcn5AxF5Qg5L8SN4FPoUtTdDn8MAs,https://bitcointalk.org/index.php?action=profile;u=764315
HTTP Error 503: Service Temporarily Unavailable, Retrying in 3 seconds...
HTTP Error 503: Service Temporarily Unavailable, Retrying in 3 seconds...
HTTP Error 503: Service Temporarily Unavailable, Retrying in 3 seconds...
HTTP Error 503: Service Temporarily Unavailable, Retrying in 3 seconds...
17SZwQUKAQQX9RrBx1vhZ1vhdAeTDdE8NW,https://bitcointalk.org/index.php?action=profile;u=764300
19MGv5h5cY1H2NifJP66CyMV8wy66kjKUm,https://bitcointalk.org/index.php?action=profile;u=764299
1HpThajQzLoLiiR8hSsFUX3VxsYzzyVLUU,https://bitcointalk.org/index.php?action=profile;u=764298
3EHaBpjaQvHRBPBvLCzkjUSibi3UsXZVGB,https://bitcointalk.org/index.php?action=profile;u=764297
HTTP Error 503: Service Temporarily Unavailable, Retrying in 3 seconds...
3Db3xLWRDHJzXkjudxLoP8SUbc4WP7Nmvu,https://bitcointalk.org/index.php?action=profile;u=764296
ERROR
HTTP Error 503: Service Temporarily Unavailable, Retrying in 3 seconds...
HTTP Error 503: Service Temporarily Unavailable, Retrying in 3 seconds...
HTTP Error 503: Service Temporarily Unavailable, Retrying in 3 seconds...
3P43Rs1oofyJvde4BCsmcwS7FthQetR2Ho,https://bitcointalk.org/index.php?action=profile;u=764289
HTTP Error 503: Service Temporarily Unavailable, Retrying in 3 seconds...
HTTP Error 503: Service Temporarily Unavailable, Retrying in 3 seconds...
HTTP Error 503: Service Temporarily Unavailable, Retrying in 3 seconds...
HTTP Error 503: Service Temporarily Unavailable, Retrying in 3 seconds...
HTTP Error 503: Service Temporarily Unavailable, Retrying in 3 seconds...
HTTP Error 503: Service Temporarily Unavailable, Retrying in 3 seconds...
3Erq6p4UWLw3TgvLn49BKRp3bBhr3aMWdh,https://bitcointalk.org/index.php?action=profile;u=764276
HTTP Error 503: Service Temporarily Unavailable, Retrying in 3 seconds...
HTTP Error 503: Service Temporarily Unavailable, Retrying in 3 seconds...
HTTP Error 503: Service Temporarily Unavailable, Retrying in 3 seconds...
HTTP Error 503: Service Temporarily Unavailable, Retrying in 3 seconds...
HTTP Error 503: Service Temporarily Unavailable, Retrying in 3 seconds...
HTTP Error 503: Service Temporarily Unavailable, Retrying in 3 seconds...
HTTP Error 503: Service Temporarily Unavailable, Retrying in 3 seconds...
1K6LViNyiUYVhitj22nXo6nfZiJz4Anpmh,https://bitcointalk.org/index.php?action=profile;u=764259
HTTP Error 503: Service Temporarily Unavailable, Retrying in 3 seconds...
HTTP Error 503: Service Temporarily Unavailable, Retrying in 3 seconds...
114HNLabZAFAB49Utou8kgY565SFjM7nRx,https://bitcointalk.org/index.php?action=profile;u=764255
HTTP Error 503: Service Temporarily Unavailable, Retrying in 3 seconds...
19x4NzgaUGLnndRrAFKNiZPykYmwQEFkBf,https://bitcointalk.org/index.php?action=profile;u=764253
HTTP Error 503: Service Temporarily Unavailable, Retrying in 3 seconds...
HTTP Error 503: Service Temporarily Unavailable, Retrying in 3 seconds...
HTTP Error 503: Service Temporarily Unavailable, Retrying in 3 seconds...
HTTP Error 503: Service Temporarily Unavailable, Retrying in 3 seconds...
1PMp77ajRGhadwoKq6B38xLVTL2LppKgod,https://bitcointalk.org/index.php?action=profile;u=764245
HTTP Error 503: Service Temporarily Unavailable, Retrying in 3 seconds...
124sujaVS7eSV8X9Ynyf2C4PpJf3G5jUnM,https://bitcointalk.org/index.php?action=profile;u=764240
3CEEp3YWq4cYuJp2mVfb5CQehLF1LSth5Q,https://bitcointalk.org/index.php?action=profile;u=764239
HTTP Error 503: Service Temporarily Unavailable, Retrying in 3 seconds...
HTTP Error 503: Service Temporarily Unavailable, Retrying in 3 seconds...
36GmizcYrW6Fxuda6diABS15fhjpbMLTuj,https://bitcointalk.org/index.php?action=profile;u=764236
HTTP Error 503: Service Temporarily Unavailable, Retrying in 3 seconds...
1L2L8Ni69o3G5rcpSAYXip86Rfh7pF8mES,https://bitcointalk.org/index.php?action=profile;u=764232
184haVxP4WHwMH7hxcTUYMU7v2ccnUMbV5,https://bitcointalk.org/index.php?action=profile;u=764230
1DSWpj6GhSHm7xsaC6nYfBkfe4jtYmi8h2,https://bitcointalk.org/index.php?action=profile;u=764229
HTTP Error 503: Service Temporarily Unavailable, Retrying in 3 seconds...
HTTP Error 503: Service Temporarily Unavailable, Retrying in 3 seconds...
HTTP Error 503: Service Temporarily Unavailable, Retrying in 3 seconds...
HTTP Error 503: Service Temporarily Unavailable, Retrying in 3 seconds...
HTTP Error 503: Service Temporarily Unavailable, Retrying in 3 seconds...
HTTP Error 503: Service Temporarily Unavailable, Retrying in 3 seconds...
HTTP Error 503: Service Temporarily Unavailable, Retrying in 3 seconds...
HTTP Error 503: Service Temporarily Unavailable, Retrying in 3 seconds...
HTTP Error 503: Service Temporarily Unavailable, Retrying in 3 seconds...
HTTP Error 503: Service Temporarily Unavailable, Retrying in 3 seconds...
HTTP Error 503: Service Temporarily Unavailable, Retrying in 6 seconds...
HTTP Error 503: Service Temporarily Unavailable, Retrying in 3 seconds...
HTTP Error 503: Service Temporarily Unavailable, Retrying in 6 seconds...
HTTP Error 503: Service Temporarily Unavailable, Retrying in 3 seconds...
HTTP Error 503: Service Temporarily Unavailable, Retrying in 3 seconds...
1BLESS3J9JwB3RyqmgMq1RACu31BudX2RA,https://bitcointalk.org/index.php?action=profile;u=764197
HTTP Error 503: Service Temporarily Unavailable, Retrying in 3 seconds...
1BeRZTDzxQBynphfh7vn9my1Kus6bzDNnn,https://bitcointalk.org/index.php?action=profile;u=764196
ERROR
HTTP Error 503: Service Temporarily Unavailable, Retrying in 3 seconds...
1A7LzGSVZCh8D8KaJAR75aDQbCtKdRVszN,https://bitcointalk.org/index.php?action=profile;u=764193
HTTP Error 503: Service Temporarily Unavailable, Retrying in 3 seconds...
HTTP Error 503: Service Temporarily Unavailable, Retrying in 3 seconds...
37pfbozZBmUEnSyqPmc44kgJvRECedLYyn,https://bitcointalk.org/index.php?action=profile;u=764183
HTTP Error 503: Service Temporarily Unavailable, Retrying in 3 seconds...
17SAFJe1afEk8JUifGZtKtDbPK6shwWorV,https://bitcointalk.org/index.php?action=profile;u=764179
1A6v5gLkw8UMuXYhUNWExT7MWS2BmipUUx,https://bitcointalk.org/index.php?action=profile;u=764178
HTTP Error 503: Service Temporarily Unavailable, Retrying in 3 seconds...
1JwGmWCCjF4mYpRjaishCj1522agHkcYZW,https://bitcointalk.org/index.php?action=profile;u=764176
HTTP Error 503: Service Temporarily Unavailable, Retrying in 3 seconds...
17SAFJe1afEk8JUifGZtKtDbPK6shwWorV,https://bitcointalk.org/index.php?action=profile;u=764171
36sFxz1iMTkjhEXjGpwv5hMPHDyiD9gaAG,https://bitcointalk.org/index.php?action=profile;u=764169
HTTP Error 503: Service Temporarily Unavailable, Retrying in 3 seconds...
HTTP Error 503: Service Temporarily Unavailable, Retrying in 3 seconds...
HTTP Error 503: Service Temporarily Unavailable, Retrying in 3 seconds...
HTTP Error 503: Service Temporarily Unavailable, Retrying in 6 seconds...
HTTP Error 503: Service Temporarily Unavailable, Retrying in 3 seconds...
1CzvRtHGiQQK1JAKKkSJarGXsuMkWGq6Sn,https://bitcointalk.org/index.php?action=profile;u=764161
HTTP Error 503: Service Temporarily Unavailable, Retrying in 3 seconds...
HTTP Error 503: Service Temporarily Unavailable, Retrying in 3 seconds...
HTTP Error 503: Service Temporarily Unavailable, Retrying in 3 seconds...
19SJbUmu4ErkY26um5bcdZ4NihaQsaRhqd,https://bitcointalk.org/index.php?action=profile;u=764156
HTTP Error 503: Service Temporarily Unavailable, Retrying in 3 seconds...
HTTP Error 503: Service Temporarily Unavailable, Retrying in 3 seconds...
1a4Mhina77zQKjTa4Gj5BB6MrDd5HEpDY,https://bitcointalk.org/index.php?action=profile;u=764151
HTTP Error 503: Service Temporarily Unavailable, Retrying in 3 seconds...
HTTP Error 503: Service Temporarily Unavailable, Retrying in 3 seconds...
HTTP Error 503: Service Temporarily Unavailable, Retrying in 3 seconds...
1LjeazPRvASK39LM9ZhPPcjfVjGy69iWxN,https://bitcointalk.org/index.php?action=profile;u=764144
HTTP Error 503: Service Temporarily Unavailable, Retrying in 3 seconds...
HTTP Error 503: Service Temporarily Unavailable, Retrying in 3 seconds...
HTTP Error 503: Service Temporarily Unavailable, Retrying in 3 seconds...
HTTP Error 503: Service Temporarily Unavailable, Retrying in 3 seconds...
HTTP Error 503: Service Temporarily Unavailable, Retrying in 3 seconds...
1JX6utCcopyfkZLn7jFTKXTRscSdea2BQH,https://bitcointalk.org/index.php?action=profile;u=764135
1CWHV7VgaCjdCComHyoqFG4BPmMdnUwWM8,https://bitcointalk.org/index.php?action=profile;u=764133
HTTP Error 503: Service Temporarily Unavailable, Retrying in 3 seconds...
1GCHmfrYGuVEkspNT1j2gDgKxkfG7bZBYk,https://bitcointalk.org/index.php?action=profile;u=764131
18hzvwcMjNRU8nrVWZ9dujhkDvH7wyyHt,https://bitcointalk.org/index.php?action=profile;u=764128
HTTP Error 503: Service Temporarily Unavailable, Retrying in 3 seconds...
131kCfBSZaXzb3njtPAJvbMEpHnuc8ov9T,https://bitcointalk.org/index.php?action=profile;u=764126
HTTP Error 503: Service Temporarily Unavailable, Retrying in 3 seconds...
1Po75WFfS8XCbJCM1FsYJHNnQX2PF195du,https://bitcointalk.org/index.php?action=profile;u=764123
HTTP Error 503: Service Temporarily Unavailable, Retrying in 3 seconds...
HTTP Error 503: Service Temporarily Unavailable, Retrying in 3 seconds...
16xxKPdMBgCNDQHPY2uubdJCqcGwjdh5T7,https://bitcointalk.org/index.php?action=profile;u=764119
HTTP Error 503: Service Temporarily Unavailable, Retrying in 3 seconds...
HTTP Error 503: Service Temporarily Unavailable, Retrying in 3 seconds...
HTTP Error 503: Service Temporarily Unavailable, Retrying in 3 seconds...
HTTP Error 503: Service Temporarily Unavailable, Retrying in 3 seconds...
1GbmQERM3G6ksQPuFzLuTvRkzP2WT7xUHt,https://bitcointalk.org/index.php?action=profile;u=764111
HTTP Error 503: Service Temporarily Unavailable, Retrying in 3 seconds...
1GbmQERM3G6ksQPuFzLuTvRkzP2WT7xUHt,https://bitcointalk.org/index.php?action=profile;u=764109
HTTP Error 503: Service Temporarily Unavailable, Retrying in 3 seconds...
HTTP Error 503: Service Temporarily Unavailable, Retrying in 3 seconds...
HTTP Error 503: Service Temporarily Unavailable, Retrying in 3 seconds...
1JcvhX6uWaUaMJEJ8eNiUGf2FFCXAyTPrA,https://bitcointalk.org/index.php?action=profile;u=764105
ERROR
1AGPbHFbgALZuYnA5uaAp1sZynCxq7dKEa,https://bitcointalk.org/index.php?action=profile;u=764103
HTTP Error 503: Service Temporarily Unavailable, Retrying in 3 seconds...
HTTP Error 503: Service Temporarily Unavailable, Retrying in 3 seconds...
HTTP Error 503: Service Temporarily Unavailable, Retrying in 3 seconds...
HTTP Error 503: Service Temporarily Unavailable, Retrying in 3 seconds...
HTTP Error 503: Service Temporarily Unavailable, Retrying in 3 seconds...
1JkCw5S9iAiFteHxVsidXxipsGsgmhCDvR,https://bitcointalk.org/index.php?action=profile;u=764090
HTTP Error 503: Service Temporarily Unavailable, Retrying in 3 seconds...
HTTP Error 503: Service Temporarily Unavailable, Retrying in 6 seconds...
HTTP Error 503: Service Temporarily Unavailable, Retrying in 3 seconds...
HTTP Error 503: Service Temporarily Unavailable, Retrying in 3 seconds...
HTTP Error 503: Service Temporarily Unavailable, Retrying in 3 seconds...
HTTP Error 503: Service Temporarily Unavailable, Retrying in 3 seconds...
HTTP Error 503: Service Temporarily Unavailable, Retrying in 3 seconds...
1EBHa6TET1Pi6E1CmgGuzhNCc4XiLS7d6J,https://bitcointalk.org/index.php?action=profile;u=764079
HTTP Error 503: Service Temporarily Unavailable, Retrying in 3 seconds...
1BFz5JwVcas5iEcoshsRP9cyDeQUpQYtgo,https://bitcointalk.org/index.php?action=profile;u=764076
HTTP Error 503: Service Temporarily Unavailable, Retrying in 3 seconds...
3Nam9EPvpiRnxvuaKEUcYjQKN6ocFtyC1A,https://bitcointalk.org/index.php?action=profile;u=764074
HTTP Error 503: Service Temporarily Unavailable, Retrying in 3 seconds...
HTTP Error 503: Service Temporarily Unavailable, Retrying in 3 seconds...
HTTP Error 503: Service Temporarily Unavailable, Retrying in 3 seconds...
1AEZ8fmTTg9ajAahYucpqbZQmPoZLVGosH,https://bitcointalk.org/index.php?action=profile;u=764069
HTTP Error 503: Service Temporarily Unavailable, Retrying in 3 seconds...
16wv5R2AYTDBAyk3MU2aGvuVVEbyWsQjRN,https://bitcointalk.org/index.php?action=profile;u=764068
HTTP Error 503: Service Temporarily Unavailable, Retrying in 3 seconds...
HTTP Error 503: Service Temporarily Unavailable, Retrying in 3 seconds...
HTTP Error 503: Service Temporarily Unavailable, Retrying in 3 seconds...
1FHKgCoFimzYRp5hk9gGuVX1BBoHWELZWL,https://bitcointalk.org/index.php?action=profile;u=764060
HTTP Error 503: Service Temporarily Unavailable, Retrying in 3 seconds...
HTTP Error 503: Service Temporarily Unavailable, Retrying in 3 seconds...
HTTP Error 503: Service Temporarily Unavailable, Retrying in 3 seconds...
HTTP Error 503: Service Temporarily Unavailable, Retrying in 3 seconds...
HTTP Error 503: Service Temporarily Unavailable, Retrying in 3 seconds...
HTTP Error 503: Service Temporarily Unavailable, Retrying in 3 seconds...
HTTP Error 503: Service Temporarily Unavailable, Retrying in 3 seconds...
HTTP Error 503: Service Temporarily Unavailable, Retrying in 3 seconds...
HTTP Error 503: Service Temporarily Unavailable, Retrying in 3 seconds...
HTTP Error 503: Service Temporarily Unavailable, Retrying in 3 seconds...
HTTP Error 503: Service Temporarily Unavailable, Retrying in 3 seconds...
HTTP Error 503: Service Temporarily Unavailable, Retrying in 3 seconds...
HTTP Error 503: Service Temporarily Unavailable, Retrying in 3 seconds...
HTTP Error 503: Service Temporarily Unavailable, Retrying in 3 seconds...
HTTP Error 503: Service Temporarily Unavailable, Retrying in 3 seconds...
HTTP Error 503: Service Temporarily Unavailable, Retrying in 3 seconds...
HTTP Error 503: Service Temporarily Unavailable, Retrying in 3 seconds...
HTTP Error 503: Service Temporarily Unavailable, Retrying in 3 seconds...
HTTP Error 503: Service Temporarily Unavailable, Retrying in 3 seconds...
HTTP Error 503: Service Temporarily Unavailable, Retrying in 3 seconds...
HTTP Error 503: Service Temporarily Unavailable, Retrying in 3 seconds...
HTTP Error 503: Service Temporarily Unavailable, Retrying in 3 seconds...
HTTP Error 503: Service Temporarily Unavailable, Retrying in 3 seconds...
HTTP Error 503: Service Temporarily Unavailable, Retrying in 3 seconds...
HTTP Error 503: Service Temporarily Unavailable, Retrying in 3 seconds...
HTTP Error 503: Service Temporarily Unavailable, Retrying in 3 seconds...
HTTP Error 503: Service Temporarily Unavailable, Retrying in 3 seconds...
HTTP Error 503: Service Temporarily Unavailable, Retrying in 3 seconds...
HTTP Error 503: Service Temporarily Unavailable, Retrying in 3 seconds...
HTTP Error 503: Service Temporarily Unavailable, Retrying in 3 seconds...
HTTP Error 503: Service Temporarily Unavailable, Retrying in 3 seconds...
HTTP Error 503: Service Temporarily Unavailable, Retrying in 3 seconds...
HTTP Error 503: Service Temporarily Unavailable, Retrying in 3 seconds...
HTTP Error 503: Service Temporarily Unavailable, Retrying in 3 seconds...
HTTP Error 503: Service Temporarily Unavailable, Retrying in 3 seconds...
HTTP Error 503: Service Temporarily Unavailable, Retrying in 6 seconds...
HTTP Error 503: Service Temporarily Unavailable, Retrying in 3 seconds...
HTTP Error 503: Service Temporarily Unavailable, Retrying in 6 seconds...
HTTP Error 503: Service Temporarily Unavailable, Retrying in 12 seconds...
HTTP Error 503: Service Temporarily Unavailable, Retrying in 3 seconds...
HTTP Error 503: Service Temporarily Unavailable, Retrying in 3 seconds...
HTTP Error 503: Service Temporarily Unavailable, Retrying in 3 seconds...
HTTP Error 503: Service Temporarily Unavailable, Retrying in 3 seconds...
HTTP Error 503: Service Temporarily Unavailable, Retrying in 3 seconds...
HTTP Error 503: Service Temporarily Unavailable, Retrying in 3 seconds...
HTTP Error 503: Service Temporarily Unavailable, Retrying in 3 seconds...
HTTP Error 503: Service Temporarily Unavailable, Retrying in 3 seconds...
HTTP Error 503: Service Temporarily Unavailable, Retrying in 3 seconds...
HTTP Error 503: Service Temporarily Unavailable, Retrying in 3 seconds...
HTTP Error 503: Service Temporarily Unavailable, Retrying in 3 seconds...
HTTP Error 503: Service Temporarily Unavailable, Retrying in 3 seconds...
HTTP Error 503: Service Temporarily Unavailable, Retrying in 3 seconds...
HTTP Error 503: Service Temporarily Unavailable, Retrying in 3 seconds...
HTTP Error 503: Service Temporarily Unavailable, Retrying in 3 seconds...
HTTP Error 503: Service Temporarily Unavailable, Retrying in 3 seconds...
HTTP Error 503: Service Temporarily Unavailable, Retrying in 3 seconds...
HTTP Error 503: Service Temporarily Unavailable, Retrying in 3 seconds...
HTTP Error 503: Service Temporarily Unavailable, Retrying in 3 seconds...
HTTP Error 503: Service Temporarily Unavailable, Retrying in 3 seconds...
HTTP Error 503: Service Temporarily Unavailable, Retrying in 3 seconds...
HTTP Error 503: Service Temporarily Unavailable, Retrying in 3 seconds...
HTTP Error 503: Service Temporarily Unavailable, Retrying in 3 seconds...
HTTP Error 503: Service Temporarily Unavailable, Retrying in 3 seconds...
HTTP Error 503: Service Temporarily Unavailable, Retrying in 3 seconds...
HTTP Error 503: Service Temporarily Unavailable, Retrying in 3 seconds...
HTTP Error 503: Service Temporarily Unavailable, Retrying in 3 seconds...
HTTP Error 503: Service Temporarily Unavailable, Retrying in 3 seconds...
HTTP Error 503: Service Temporarily Unavailable, Retrying in 3 seconds...
